-- Supabase Seed Data for SI GPIB v2.2
-- Add initial seed SQL data here or use scripts/import_master_data.ts for Excel import.

INSERT INTO m_mupel (id_mupel, nama_mupel) VALUES
('M - 01', 'SUMUT - NAD'),
('M - 04', 'SARIBU'),
('M - 03', 'KEPRI'),
('M - 05', 'SUMSEL'),
('M - 25', 'JAMBI'),
('M - 02', 'BABEL'),
('M - 06', 'LAMPUNG'),
('M - 07', 'BANTEN'),
('M - 10', 'JAKARTA PUSAT'),
('M - 11', 'JAKARTA UTARA'),
('M - 08', 'JAKARTA BARAT'),
('M - 12', 'JAKARTA TIMUR'),
('M - 09', 'JAKARTA SELATAN'),
('M - 13', 'BEKASI'),
('M - 14', 'JABAR I'),
('M - 15', 'JABAR II'),
('M - 16', 'JATENG - DIY'),
('M - 17', 'JATIM'),
('M - 18', 'BALI - NTB'),
('M - 20', 'KALBAR'),
('M - 21', 'KALTENGSEL'),
('M - 22', 'KALTIM I'),
('M - 23', 'KALTIM II'),
('M - 24', 'KALTARA - BERKAT'),
('M - 19', 'SULSELBARA')
ON CONFLICT (id_mupel) DO UPDATE SET nama_mupel = EXCLUDED.nama_mupel;



-- Seeding m_jemaat_induk
INSERT INTO m_jemaat_induk (id_induk, id_mupel, nama_induk, keterangan, latitude, longitude) VALUES
('01-03-FM', 'M - 01', 'FILADELFIA', 'Medan', 3.628374, 98.68124),
('01-01-AP', 'M - 01', 'ANUGERAH', 'Pangkalan Brandan Langkat', 4.009436, 98.271437),
('01-02-BA', 'M - 01', 'BANDA ACEH', 'Banda Aceh', 5.561853, 95.321528),
('01-13-ET', 'M - 01', 'EFATA', 'Tanjung Morawa Deli Serdang', 3.529504, 98.763193),
('01-04-IM', 'M - 01', 'IMMANUEL', 'Medan', 3.580835, 98.672912),
('01-05-KM', 'M - 01', 'KASIH KARUNIA', 'Medan', 3.598869, 98.645135),
('01-06-MP', 'M - 01', 'MARANATHA', 'Pematang Siantar', 2.951288, 99.058993),
('01-12-MP', 'M - 01', 'MITRA PARSINGGURAN NAULI', 'Parsingguran Humbang Hasundutan', 2.358746, 98.761573),
('01-07-PS', 'M - 01', 'PATMOS', 'Sabang', 5.890835, 95.32439),
('01-14-PB', 'M - 01', 'PAULUS', 'Binjai', 3.603771, 98.529029),
('01-08-PT', 'M - 01', 'PNIEL', 'Kampung Kolam Deli Serdang', 3.641808, 98.772717),
('01-09-SS', 'M - 01', 'SILOAM', 'Sibolga', 1.726787, 98.803367),
('01-11-SB', 'M - 01', 'SYALOOM', 'Bangun Purba Deli Serdang', 3.370235, 98.810718),
('01-10-YB', 'M - 01', 'YOPPE', 'Belawan Medan', 3.781508, 98.687132),
('01-15-MD', 'M - 01', 'MADUMA', 'Medan', 3.537209, 98.637378),
('01-16-PB', 'M - 01', 'PIR BESITANG', 'Pangkalan Brandan', 3.946670461, 98.17212729),
('04-10-IP', 'M - 04', 'IMMANUEL', 'Pekanbaru', 0.513196, 101.449802),
('04-01-AS', 'M - 04', 'ANUGERAH', 'Sorek Pelalawan', 0.13803, 102.069382),
('04-04-BZ', 'M - 04', 'BUKIT ZAITUN', 'Duri Bengkalis', 1.254966, 101.21468),
('04-05-ET', 'M - 04', 'EFFATA', 'Pasaman', 0.030084, 99.829576),
('04-06-EP', 'M - 04', 'EFRATA', 'Padang', -0.948859, 100.362892),
('04-07-EF', 'M - 04', 'EFRATA', 'Kuantan Sengingi', -0.519111, 101.544661),
('04-08-ED', 'M - 04', 'EKKLESIA', 'Dumai', 1.675895, 101.456816),
('04-09-GR', 'M - 04', 'GIBEON', 'Rumbai Pekanbaru', 0.581164, 101.434948),
('04-11-KP', 'M - 04', 'KASIH ABADI', 'Perawang Siak', 0.672219, 101.607353),
('04-13-MK', 'M - 04', 'MARTURIA', 'Kuantan Sengingi', -0.359968, 101.55618),
('04-14-SK', 'M - 04', 'SILOAM', 'Kota Baru Pekanbaru', 0.766191, 101.250111),
('04-15-SD', 'M - 04', 'SUMBER KASIH', 'Indrapuri Kampar', 0.627714095, 101.1149789),
('04-16-RB', 'M - 04', 'RAFFLESIA', 'Bengkulu', -3.834155448, 102.2985095),
('03-01-BB', 'M - 03', 'BAHTERA HAYAT', 'Batam', 1.036173, 103.948409),
('03-03-BT', 'M - 03', 'BETHEL', 'Tanjung Pinang', 0.928955, 104.444086),
('03-04-BD', 'M - 03', 'BUKIT KARMEL', 'Dabo Singkep', -0.494891, 104.560946),
('03-10-BR', 'M - 03', 'BUKIT KASIH', 'Ranai Natuna', 3.962213, 108.381468),
('03-05-ET', 'M - 03', 'EBENHAEZER', 'Tanjung Batu Kundur', 0.657407, 103.467012),
('03-12-Z', 'M - 03', 'GETSEMANI', 'Mengkait Anambas', 2.904447, 106.132639),
('03-06-HT', 'M - 03', 'HOSANA', 'Tanjung Uban Bintan', 1.065127, 104.222932),
('03-07-IB', 'M - 03', 'IMMANUEL', 'Batam', 1.14985, 104.01261),
('03-13-Z', 'M - 03', 'SOLA GRATIA', 'Bukit Layang, Tanjung Piayu Batam', 1.044626, 104.050741),
('03-08-IT', 'M - 03', 'IMMANUEL', 'Tarempa Anambas', 3.213039, 106.218493),
('05-09-OT', 'M - 03', 'ORA ET LABORA', 'Tanjung Balai Karimun', 0.994351, 103.398938),
('03-11-ZS', 'M - 03', 'ZEBULON', 'Batam', 1.115211, 103.967168),
('03-14-EZ', 'M - 03', 'EZRA', 'Tiangwangkang - Batam', 0.983156644, 104.0283358),
('05-04-IP', 'M - 05', 'IMMANUEL', 'Palembang', -2.992023, 104.752405),
('05-02-EL', 'M - 05', 'EFRATA', 'Bangun Jawa Lubuk Linggau', -3.338794, 103.370965),
('05-05-KP', 'M - 05', 'KARUNIA', 'Muara Enim', -3.289247, 104.407257),
('05-07-PS', 'M - 05', 'PLAJU SUNGAI GERONG', 'Sekojo Palembang', -2.994823, 104.823005),
('05-08-PP', 'M - 05', 'PNIEL', 'Palembang', -2.95646, 104.784818),
('05-09-SB', 'M - 05', 'SANGKAKALA', 'Ogan Komering Ilir', -3.91115, 104.953705),
('05-06MJ', 'M - 25', 'MARTURIA', 'Jambi', -1.596787, 103.620082),
('04-03-BK', 'M - 25', 'BUKIT KASIH', 'Sungai Penuh', -2.064799, 101.391266),
('05-01-AJ', 'M - 25', 'ALFA OMEGA', 'Sungai Bahar', -1.967219, 103.434408),
('04-02-BD', 'M - 25', 'BUKIT DIAN KASIH', 'Kayu Aro Kerinci', -1.819385, 101.259094),
('05-10-EJ', 'M - 25', 'EKKLESIA', 'Tanjung Jabung Barat', -1.021467, 103.085265),
('05-01-IJ', 'M - 25', 'IMMANUEL', 'Tempino', -1.777439, 103.51683),
('02-06-MP', 'M - 02', 'MARANATHA', 'Pangkal Pinang', -2.120373, 106.113993),
('02-01-BM', 'M - 02', 'BETHESDA', 'Muntok', -2.063562, 105.166136),
('02-02-ET', 'M - 02', 'EFRATA', 'Toboali', -3.010983, 106.457004),
('02-03-IB', 'M - 02', 'IMMANUEL', 'Belinyu', -1.635292, 105.771636),
('02-04-IT', 'M - 02', 'IMMANUEL', 'Tanjung Pandan', -2.738887749, 107.6274287),
('02-05-KM', 'M - 02', 'KARUNIA', 'Manggar', -2.865098, 108.280207),
('02-07-OS', 'M - 02', 'ORA ET LABORA', 'Sungai Liat', -1.868299, 106.11662),
('02-08-SK', 'M - 02', 'SION', 'Koba', -2.494574, 106.408079),
('06-05-MA', 'M - 06', 'MARTURIA', 'Bandar Lampung', -5.409454, 105.255589),
('06-01-BT', 'M - 06', 'BETH TEFILAH', 'Pesawaran', -5.533739, 105.238122),
('06-02-EF', 'M - 06', 'EFFATHA', 'Bandar Lampung', -5.232549, 105.11502),
('06-03-IM', 'M - 06', 'IMMANUEL', 'Pesawaran', -5.366546, 105.140874),
('06-11-KA', 'M - 06', 'KANAAN', 'Lampung Tengah', -5.050662, 104.832368),
('06-04-MR', 'M - 06', 'MARANATHA', 'Bandar Lampung', -5.370704, 105.348855),
('06-06-PA', 'M - 06', 'PANCARAN KASIH', 'Tanggamus', -5.214649, 105.022238),
('06-07-PE', 'M - 06', 'PETRA', 'Kota Bumi', -4.743355, 104.863034),
('06-08-SI', 'M - 06', 'SILO', 'Panjang', -5.478355, 105.323384),
('06-09-TI', 'M - 06', 'TIBERIAS', 'Lampung Tengah', -4.763581, 105.221416),
('06-10-ZE', 'M - 06', 'ZEBAOTH', 'Bangunrejo', -5.0952, 105.092126),
('06-12-SP', 'M - 06', 'SYALOM PANCASILA', 'Kotabumi Lampung Utara', -4.803956, 104.923026),
('06-13-MK', 'M - 06', 'MAKEDONIA', 'Dipasena Lampung', -4.224913, 105.767058),
('07-02-FI', 'M - 07', 'FILADELFIA', 'Bintaro', -6.269135, 106.744711),
('07-12-AS', 'M - 07', 'ABRAHAM', 'Serang', -6.092365, 106.126761),
('07-01-BI', 'M - 07', 'BAHTERA IMAN', 'Ciputat Tangerang', -6.31033, 106.713418),
('07-14-JM', 'M - 07', 'JURANG MANGU', 'Tangerang Selatan', -6.25473, 106.740348),
('07-03-KA', 'M - 07', 'KARUNIA', 'Ciputat Tangerang', -6.329252, 106.747089),
('07-04-KK', 'M - 07', 'KASIH KARUNIA', 'Ciledug Tangerang', -6.24991, 106.701156),
('07-05-KS', 'M - 07', 'KASIH SETIA', 'Tangerang', -6.225729, 106.702791),
('07-06-KI', 'M - 07', 'KINASIH', 'Tangerang Selatan', -6.324058, 106.705802),
('07-10-OB', 'M - 07', 'OBOR BANTEN', 'Tangerang Selatan', -6.250171, 106.669818),
('07-11-OE', 'M - 07', 'ORA ET LABORA', 'Tangerang', -6.285542, 106.66267),
('07-07-PA', 'M - 07', 'PATMOS', 'Tangerang', -6.151953, 106.580246),
('07-08-SA', 'M - 07', 'SAMARIA', 'Tangerang', -6.1714, 106.637502),
('07-13-SK', 'M - 07', 'SINAR KASIH', 'Kosambi Tangerang', -6.090425, 106.704459),
('07-09-YU', 'M - 07', 'YUDEA', 'Tangerang', -6.205746, 106.612329),
('10-10-PA', 'M - 10', 'PAULUS', 'Jakarta', -6.20039, 106.831565),
('10-01-AN', 'M - 10', 'ANUGERAH', 'Jakarta', -6.205628, 106.809817),
('10-02-BA', 'M - 10', 'BETHESDA', 'Jakarta', -6.185722, 106.855012),
('10-03-BM', 'M - 10', 'BETLEHEM', 'Jakarta', -6.163219, 106.816817),
('10-04-BZ', 'M - 10', 'BUKIT ZAITUN', 'Jakarta', -6.162235, 106.810007),
('10-05-EH', 'M - 10', 'EBENHAEZER', 'Jakarta', -6.189083, 106.843601),
('10-06-GI', 'M - 10', 'GIDEON', 'Jakarta', -6.188524, 106.841767),
('10-07-HO', 'M - 10', 'HOSIANA', 'Jakarta', -6.145584, 106.841021),
('10-08-IM', 'M - 10', 'IMMANUEL', 'Jakarta', -6.176704, 106.832),
('10-09-MA', 'M - 10', 'MARANATHA', 'Jakarta', -6.177371, 106.850786),
('10-11-PE', 'M - 10', 'PETRUS', 'Jakarta', -6.174417, 106.809305),
('10-12-PN', 'M - 10', 'PNIEL', 'Jakarta', -6.160724, 106.834061),
('11-05-PE', 'M - 11', 'PETRA', 'Jakarta', -6.108536, 106.900564),
('11-01-EI', 'M - 11', 'EIRENE', 'Jakarta', -6.114259, 106.885982),
('11-02-GE', 'M - 11', 'GETSEMANI', 'Jakarta', -6.104691, 106.936781),
('11-03-KE', 'M - 11', 'KELAPA GADING', 'Jakarta', -6.143422, 106.907627),
('11-04-ME', 'M - 11', 'MENABUR KASIH', 'Jakarta', -6.149943, 106.949668),
('11-06-TU', 'M - 11', 'TUGU', 'Jakarta', -6.123743, 106.92382),
('11-07-BT', 'M - 11', 'BULAK TURI', 'Marunda', -6.077648328, 106.9735582),
('08-01-SA', 'M - 08', 'SANGKAKALA', 'Jakarta', -6.19571, 106.771438),
('08-02-SH', 'M - 08', 'SHALOM', 'Jakarta', -6.196903, 106.795954),
('08-05-SN', 'M - 08', 'SION', 'Jakarta', -6.138158, 106.817745),
('08-03-SI', 'M - 08', 'SILO', 'Jakarta', -6.144983, 106.75212),
('08-04-SM', 'M - 08', 'SILOAM', 'Jakarta', -6.213851, 106.77318),
('08-06-YA', 'M - 08', 'YAHYA', 'Jakarta', -6.15886, 106.796025),
('12-12-PR', 'M - 12', 'PENABUR', 'Jakarta', -6.238781, 106.868113),
('12-01-AG', 'M - 12', 'AGAPE', 'Jakarta', -6.348832, 106.883572),
('12-02-BE', 'M - 12', 'BETHANIA', 'Jakarta', -6.257365, 106.865691),
('12-03-CA', 'M - 12', 'CAWANG BARU', 'Jakarta', -6.238804, 106.8729),
('12-04-HO', 'M - 12', 'HOREB', 'Jakarta', -6.264442, 106.867073),
('12-05-KH', 'M - 12', 'KHARIS', 'Jakarta', -6.195465, 106.946454),
('12-06-KO', 'M - 12', 'KOINONIA', 'Jakarta', -6.213689, 106.861858),
('12-07-ML', 'M - 12', 'MARTIN LUTHER', 'Jakarta', -6.184367, 106.882073),
('12-08-MA', 'M - 12', 'MARTURIA', 'Jakarta', -6.226788, 106.883616),
('12-09-ME', 'M - 12', 'MENARA IMAN', 'Jakarta', -6.225421, 106.914317),
('12-10-NA', 'M - 12', 'NAZARETH', 'Jakarta', -6.194742, 106.894938),
('12-11-PE', 'M - 12', 'PELITA', 'Jakarta', -6.286195, 106.909117),
('12-13-SU', 'M - 12', 'SURYA KASIH', 'Jakarta', -6.219941, 106.955055),
('12-14-TA', 'M - 12', 'TAMAN HARAPAN', 'Jakarta', -6.255136, 106.862668),
('12-15-TO', 'M - 12', 'TORSINA', 'Jakarta', -6.211814, 106.891338),
('09-02-EF', 'M - 09', 'EFFATHA', 'Jakarta', -6.245679, 106.803351),
('09-01-BM', 'M - 09', 'BUKIT MORIA', 'Jakarta', -6.242064, 106.844533),
('09-03-EK', 'M - 09', 'EKKLESIA', 'Jakarta', -6.259259, 106.847461),
('09-04-GI', 'M - 09', 'GIBEON', 'Jakarta', -6.255127, 106.756557),
('09-05-KH', 'M - 09', 'KHARISMA', 'Jakarta', -6.256376, 106.780741),
('09-06-MA', 'M - 09', 'MARKUS', 'Jakarta', -6.298956, 106.814479),
('09-07-PA', 'M - 09', 'PASAR MINGGU', 'Jakarta', -6.28902, 106.838034),
('09-08-SE', 'M - 09', 'SEJAHTERA', 'Jakarta', -6.235553, 106.759228),
('09-09-SI', 'M - 09', 'SETIABUDI', 'Jakarta', -6.208505, 106.825253),
('09-10-SK', 'M - 09', 'SUMBER KASIH', 'Jakarta', -6.302559, 106.786365),
('13-11-JA', 'M - 13', 'JATIPON', 'Bekasi', -6.254482, 106.928009),
('13-01-AN', 'M - 13', 'ANUGERAH', 'Bekasi', -6.274395, 107.043617),
('13-02-BA', 'M - 13', 'BAHTERA KASIH', 'Bekasi', -6.367144, 106.919753),
('13-03-DI', 'M - 13', 'DIAN KASIH', 'Bekasi', -6.291866, 106.917197),
('13-04-GA', 'M - 13', 'GALILEA', 'Bekasi', -6.268813, 106.97325),
('13-05-GL', 'M - 13', 'GLORIA', 'Bekasi', -6.246653, 106.975535),
('13-06-GR', 'M - 13', 'GRATIA', 'Bekasi', -6.214529, 107.025295),
('13-07-HB', 'M - 13', 'HARAPAN BARU', 'Bekasi', -6.218129, 106.956173),
('13-08-HI', 'M - 13', 'HARAPAN INDAH', 'Bekasi', -6.18006, 106.978932),
('13-09-HK', 'M - 13', 'HARAPAN KASIH', 'Bekasi', -6.218221, 106.993796),
('13-10-IM', 'M - 13', 'IMMANUEL', 'Bekasi', -6.255752, 107.023529),
('13-12-MK', 'M - 13', 'MENARA KASIH', 'Bekasi', -6.296034, 106.969706),
('13-14-PA', 'M - 13', 'PILAR ASIH', 'Bekasi', -6.273687, 107.008372),
('13-13-PU', 'M - 13', 'PONDOK UNGU', 'Bekasi', -6.175726, 106.996763),
('13-14-KS', 'M - 13', 'KARANG SATRIA', 'Tambun Utara - Bekasi', -6.255752, 107.023529),
('14-08-SB', 'M - 14', 'SEJAHTERA', 'Bandung', -6.924471, 107.624325),
('14-01-BB', 'M - 14', 'BETHEL', 'Bandung', -6.913644, 107.608696),
('14-02-EF', 'M - 14', 'EFATA', 'Batujajar Bandung Barat', -6.91406, 107.497487),
('14-03-GC', 'M - 14', 'GETSEMANI', 'Cirebon', -6.723008, 108.546792),
('14-04-IC', 'M - 14', 'IMMANUEL', 'Cimahi', -6.889172, 107.541536),
('14-05-MB', 'M - 14', 'MARANATHA', 'Bandung', -6.90716, 107.626503),
('14-06-MS', 'M - 14', 'MARANATHA', 'Subang', -6.573721, 107.763367),
('14-07-PB', 'M - 14', 'PNIEL YUDHA WIYOGRAHA', 'Dayeuhkolot Bandung', -6.986068, 107.623484),
('14-09-SA', 'M - 14', 'SILIH ASIH', 'Bandung', -6.93484, 107.582205),
('14-10-SC', 'M - 14', 'SYALOOM', 'Cikampek Karawang', -6.410201, 107.456722),
('14-11-WL', 'M - 14', 'WISMA ASIH', 'Lembang Bandung Barat', -6.823918, 107.637756),
('15-05-ID', 'M - 15', 'IMMANUEL', 'Depok', -6.403036, 106.824717),
('15-20-BG', 'M - 15', 'BOJONG GEDE', 'Bogor', -6.482367, 106.801888),
('15-21-BS', 'M - 15', 'BUKIT SENTUL', 'Bogor', -6.571786, 106.862022),
('15-01-CD', 'M - 15', 'CIMANGGIS', 'Depok', -6.373557, 106.853914),
('15-19-CD', 'M - 15', 'CINERE', 'Depok', -6.333301, 106.782498),
('15-22-CP', 'M - 15', 'CIPEUCANG', 'Jonggol Bogor', -6.434836, 107.044664),
('15-02-DS', 'M - 15', 'DAMAI SEJAHTERA', 'Cileungsi Bogor', -6.394351, 106.9537),
('15-03-GP', 'M - 15', 'GALILEA', 'Pelabuhan Ratu Sukabumi', -6.981993, 106.542399),
('15-04-GK', 'M - 15', 'GIDEON', 'Kelapa Dua Cimanggis', -6.354839, 106.848017),
('15-18-KS', 'M - 15', 'KARTIKA SEJAHTERA', 'Bogor', -6.45802, 106.751415),
('15-06-KL', 'M - 15', 'KORNELIUS', 'Lido Bogor', -6.73933, 106.819254),
('15-07-NC', 'M - 15', 'NEHEMIA', 'Cibogo Bogor', -6.653972, 106.877247),
('15-08-PK', 'M - 15', 'PANCARAN KASIH', 'Depok', -6.409898, 106.86078),
('15-09-PD', 'M - 15', 'PANCORAN RAHMAT', 'Depok', -6.400057, 106.778653),
('15-10-PH', 'M - 15', 'PELITA HIDUP', 'Depok', -6.396936, 106.834445),
('15-11-PC', 'M - 15', 'PENGHARAPAN', 'Cibinong Bogor', -6.476976, 106.846773),
('15-12-PB', 'M - 15', 'PETRA', 'Ciluar Bogor', -6.551725, 106.821386),
('15-13-SA', 'M - 15', 'SAWANGAN', 'Depok', -6.436332, 106.748593),
('15-15-SD', 'M - 15', 'SHALOM', 'Beji Depok', -6.389677, 106.817146),
('15-14-SS', 'M - 15', 'SOLA GRATIA', 'Semplak Bogor', -6.544261, 106.760648),
('15-17-TK', 'M - 15', 'TRINITAS', 'Kota Wisata Cibubur', -6.350526, 106.961327),
('15-16-ZB', 'M - 15', 'ZEBAOTH', 'Bogor', -6.597861, 106.794486),
('15-22-CS', 'M - 15', 'CISEENG', 'Bogor', -6.439221715, 106.6952523),
('15-23-PT', 'M - 15', 'PURA TAJURHALANG', 'Tajurhalang - Bogor', -6.48394969, 106.7683678),
('16-06-IS', 'M - 16', 'IMMANUEL', 'Semarang', -6.968381, 110.427466),
('16-01-AS', 'M - 16', 'AMBARAWA TAMBAKREJO KEBONDOWO', 'Ambarawa', -7.260238, 110.401855),
('16-02-AY', 'M - 16', 'AYALON', 'Tegal', -6.867657, 109.131108),
('16-07-MA', 'M - 16', 'BETHEL', 'Magelang', -7.475954, 110.218004),
('16-15-CP', 'M - 16', 'CUPUWATU', 'Sleman', -7.776999, 110.456634),
('16-03-ES', 'M - 16', 'EFFATHA', 'Semarang', -7.033195, 110.424949),
('16-04-FS', 'M - 16', 'FILADELFIA', 'Semarang', -7.001717, 110.431797),
('16-05-GC', 'M - 16', 'GALILEA', 'Cilacap', -7.709084, 109.013955),
('16-11-PU', 'M - 16', 'GRIYA MULYA', 'Purworejo', -7.714296, 110.009871),
('16-08-MY', 'M - 16', 'MARGA MULYA', 'Yogyakarta', -7.799325, 110.364613),
('16-10-PS', 'M - 16', 'PENABUR', 'Solo', -7.572008, 110.829287),
('16-12-SS', 'M - 16', 'SION', 'Semarang', -7.07321, 110.418978),
('16-13-SU', 'M - 16', 'SOLO UTARA', 'Solo', -7.540518, 110.84452),
('16-14-TS', 'M - 16', 'TAMAN SARI', 'Salatiga', -7.325303, 110.505511),
('16-16-BT', 'M - 16', 'BETHLEHEM', 'Gebyog, Purwoharjo - Comal', -6.9130477, 109.5335548),
('17-33-MS', 'M - 17', 'MARANATHA', 'Surabaya', -7.261147, 112.746176),
('17-01-AK', 'M - 17', 'AIR HIDUP', 'Kamal Madura', -7.160011, 112.721461),
('17-02-AB', 'M - 17', 'AIR KEHIDUPAN', 'Blitar', -8.058639, 112.43029),
('17-03-BH', 'M - 17', 'BAHTERA HAYAT', 'Surabaya', -7.217868, 112.728673),
('17-04-BG', 'M - 17', 'BAHTERA KASIH', 'Gresik', -7.170615, 112.647114),
('17-48-BS', 'M - 17', 'BENOWO', 'Surabaya', -7.240701, 112.630456),
('17-05-BE', 'M - 17', 'BETHESDA', 'Sidoarjo', -7.447257, 112.720721),
('17-06-BH', 'M - 17', 'BHASKARA', 'Surabaya', -7.266982, 112.799189),
('17-07-BU', 'M - 17', 'BUKIT HARAPAN', 'Surabaya', -7.338667, 112.696918),
('17-08-BK', 'M - 17', 'BUKIT KASIH', 'Surabaya', -7.271863, 112.664992),
('17-09-BS', 'M - 17', 'BUKIT SION', 'Surabaya', -7.313841, 112.732243),
('17-10-BZ', 'M - 17', 'BUKIT ZAITUN', 'Surabaya', -7.293139, 112.779172),
('17-11-CA', 'M - 17', 'CAHAYA ANUGERAH', 'Surabaya', -7.318988, 112.64872),
('17-12-CK', 'M - 17', 'CAHAYA KASIH', 'Surabaya', -7.231088, 112.764216),
('17-14-ES', 'M - 17', 'EBENHAEZER', 'Surabaya', -7.285883, 112.736711),
('17-13-EB', 'M - 17', 'EBENHAEZER', 'Blitar', -8.099063, 112.171795),
('17-16-EF', 'M - 17', 'EFRATA', 'Surabaya', -7.29665, 112.747229),
('17-15-EG', 'M - 17', 'EFFATHA', 'Glenmore, Banyuwangi', -8.307758, 114.052326),
('17-17-GS', 'M - 17', 'GALILEA', 'Surabaya', -7.210117, 112.740591),
('17-18-GM', 'M - 17', 'GAMALIEL', 'Madiun', -7.623377, 111.522743),
('17-19-GK', 'M - 17', 'GENTA KASIH', 'Surabaya', -7.323953, 112.774908),
('17-20-GJ', 'M - 17', 'GETSEMANI', 'Jember', -8.16075, 113.708876),
('17-21-GE', 'M - 17', 'GETSEMANI', 'Malang', -7.939807, 112.653819),
('17-22-HS', 'M - 17', 'HOSEA', 'Surabaya', -7.341176, 112.725188),
('17-30-IS', 'M - 17', 'IMMANUEL', 'Surabaya', -7.252651, 112.734634),
('17-24-IL', 'M - 17', 'IMMANUEL', 'Banyuwangi', -8.213416, 114.374643),
('17-23-IB', 'M - 17', 'IMMANUEL', 'Bangil', -7.601285, 112.78954),
('17-25-II', 'M - 17', 'IMMANUEL', 'Bondowoso', -7.916126, 113.822478),
('17-26-IK', 'M - 17', 'IMMANUEL', 'Kediri', -7.811897, 112.004441),
('17-27-IM', 'M - 17', 'IMMANUEL', 'Malang', -7.981731, 112.630116),
('17-28-IO', 'M - 17', 'IMMANUEL', 'Mojokerto', -7.464179, 112.435044),
('17-29-IP', 'M - 17', 'IMMANUEL', 'Probolinggo', -7.748846, 113.215),
('17-32-MB', 'M - 17', 'MARANATHA', 'Bojonegoro', -7.145674, 111.892635),
('17-31-MH', 'M - 17', 'MAHKOTA HAYAT', 'Pamekasan Madura', -7.161057, 113.488522),
('17-34-MM', 'M - 17', 'MARGO MULYO', 'Batu Malang', -7.865924, 112.509968),
('17-35-NZ', 'M - 17', 'NAZARETH', 'Surabaya', -7.245325, 112.793244),
('17-36-PK', 'M - 17', 'PANCARAN KASIH', 'Sumenep Madura', -7.052129, 113.93918),
('17-37-PL', 'M - 17', 'PANCARAN KASIH', 'Lumajang', -8.135391, 113.217302),
('17-38-PE', 'M - 17', 'PELANGI KASIH', 'Lawang', -7.83766, 112.69732),
('17-40-PS', 'M - 17', 'PNIEL', 'Surabaya', -7.234231, 112.731222),
('17-39-PP', 'M - 17', 'PNIEL', 'Pasuruan', -7.640855, 112.914517),
('17-42-SS', 'M - 17', 'SEJAHERA', 'Surabaya', -7.32984, 112.747522),
('17-41-SM', 'M - 17', 'SEJAHTERA', 'Malang', -7.988491, 112.645196),
('17-44-SI', 'M - 17', 'SINAI', 'Surabaya', -7.274461, 112.711043),
('17-43-SH', 'M - 17', 'SHALOM', 'Sidoarjo', -7.364382, 112.769154),
('17-45-SK', 'M - 17', 'SURYA KASIH', 'Situbondo', -7.708217, 113.998443),
('17-46-TS', 'M - 17', 'TIBERIAS', 'Sidoarjo', -7.368232, 112.721909),
('17-47-TD', 'M - 17', 'TORSINA', 'Surabaya', -7.277725, 112.760971),
('17-49-SL', 'M - 17', 'SOLAFIDE', 'Porong - Jawa Timur', -7.543248536, 112.6972655),
('18-04-MD', 'M - 18', 'MARANATHA', 'Denpasar', -8.655915, 115.219437),
('18-01-EG', 'M - 18', 'EBENHAEZER', 'Gianyar', -8.535574, 115.324376),
('18-02-EK', 'M - 18', 'EKKLESIA', 'Tuban Kuta', -8.744419, 115.178068),
('18-07-WS', 'M - 18', 'IMMANUEL WR SUPRATMAN', 'Mataram Lombok', -8.583586, 116.108247),
('18-03-IM', 'M - 18', 'IMMANUEL BUNG KARNO', 'Mararam Lombok', -8.591395, 116.113999),
('18-09-JN', 'M - 18', 'JEMBRANA', 'Negara Jembrana', -8.368409, 114.591745),
('18-08-KK', 'M - 18', 'KASIH KARUNIA', 'Denpasar', -8.615535, 115.17916),
('18-05-PS', 'M - 18', 'PNIEL', 'Singaraja Buleleng', -8.116096, 115.091593),
('18-06-SD', 'M - 18', 'SYALOM', 'Denpasar', -8.6605, 115.199637),
('18-10-GS', 'M - 18', 'GETSEMANI', 'Jimbaran', -8.80484, 115.148376),
('20-13-SP', 'M - 20', 'SILOAM', 'Pontianak', -0.023121, 109.335003),
('20-01-AB', 'M - 20', 'ANUGERAH', 'Beduai - Sanggau', 0.708565, 110.393599),
('20-02-BM', 'M - 20', 'BETHESDA', 'Marau', -2.12909, 110.704982),
('20-21-S', 'M - 20', 'MARANATHA', 'Penyiuran', -2.110855, 110.720677),
('20-03-BP', 'M - 20', 'BETLEHEM', 'Sei Ambawang Kubu Raya', -0.038531, 109.58317),
('20-15-BA', 'M - 20', 'BUKIT AGAPE', 'Entikong', 0.919899, 110.379275),
('20-20-S', 'M - 20', 'EBENHAEZER', 'Kembayan', 0.558132, 110.408829),
('20-04-EK', 'M - 20', 'EBENHAEZER', 'Ketapang - 1986', -1.84694, 109.9751),
('20-16-EA', 'M - 20', 'EKKLESIA', '"GPIB Jemaat ""Ekklesia"" Air Upas"', -2.265353, 110.863229),
('20-05-IT', 'M - 20', 'ICHTUS', NULL, -1.821676946, 110.6071405),
('20-19-S', 'M - 20', 'IMMANUEL', 'SINGKAWANG', 0.958093, 110.313053),
('20-06-IS', 'M - 20', 'IMMANUEL', 'Singkawang', 0.910094, 108.991842),
('20-18-MS', 'M - 20', 'MAMURAJA', 'Sungai Raya', -0.082486, 109.368598),
('20-07-MS', 'M - 20', 'MARANATHA', 'Sanggau', 0.21966285, 110.3896795),
('20-17-MR', 'M - 20', 'MARGAHAYU', 'Rasau Jaya', -0.261295, 109.365009),
('20-08-MI', 'M - 20', 'MENARA IMAN', 'Sekayam Sanggau', 0.810788, 110.415102),
('20-09-OS', 'M - 20', 'ORA ET LABORA', 'Semunte, Sanggau', 0.463767, 110.364505),
('20-14-PK', 'M - 20', 'PANAMPA', 'Kepayang', 0.325478, 109.187158),
('20-10-PA', 'M - 20', 'PANITAH', 'Anjungan', 0.361498, 109.164404),
('20-11-SS', 'M - 20', 'SEJAHTERA', 'Jl. Raya Sosok II No.1, Sosok, Kec. Tayan Hulu, Kabupaten Sanggau, Kalimantan Barat 78562', 0.292994, 110.234738),
('20-12-SK', 'M - 20', 'SYALOOM', 'Sungai Kajang', 1.219346, 109.38762),
('20-22-BZ', 'M - 20', 'BUKIT ZAITUN', 'Air Durian', -2.316270918, 110.8242264),
('20-23-BB', 'M - 20', 'BALAI BATUAH', 'Putaran', -2.072560632, 110.6396967),
('20-24-PJ', 'M - 20', 'PAMA JUBATA', 'Tapah, Pancaroba - Sungai Ambawang', -0.027097923, 109.6375303),
('21-05-MB', 'M - 21', 'MARANATHA', 'Banjarmasin', -3.316789, 114.591558),
('21-01-EH', 'M - 21', 'EBENHAEZER', 'Palangkaraya', -2.216412, 113.914203),
('21-02-RP', 'M - 21', 'EFFATHA', 'Guntung Payung Banjar Baru', -3.449122, 114.801338),
('21-04-IK', 'M - 21', 'IMMANUEL', 'Kotabaru', -3.246355, 116.220346),
('21-03-IB', 'M - 21', 'IMMANUEL', 'Landasan Ulin, Banjarbaru', -3.436530454, 114.7555596),
('21-06-SB', 'M - 21', 'SOLA GRATIA', 'Batu Licin Tanah Bumbu', -3.406155, 115.983165),
('22-08-MB', 'M - 22', 'MARANATHA', 'Balikpapan', -1.245365, 116.828428),
('22-02-BB', 'M - 22', 'BUKIT BENUAS', 'Sepinggan Balikpapan', -1.22717, 116.879609),
('22-01-BD', 'M - 22', 'BUKIT SION', 'Balikpapan', -1.265689, 116.842266),
('22-03-ET', 'M - 22', 'EBENHAEZER', 'Paser', -1.908348, 116.192683),
('22-04-EB', 'M - 22', 'EFFATHA', 'GPIB Effatha Batu Kajang, Jl. Boyan Belanda Gang Petra RT 027/000, Desa Batu Kajang, Kec. Batu Sopang, Kab. Paser, Kalimantan Timur', -1.817708, 115.913404),
('22-05-GB', 'M - 22', 'GETSEMANI', 'Balikpapan', -1.175048, 116.879942),
('22-06-IB', 'M - 22', 'IMMANUEL', 'Balikpapan', -1.273095, 116.837125),
('22-07-KK', 'M - 22', 'KANAAN', 'Kenangan', -1.085724915, 116.6871513),
('22-09-PB', 'M - 22', 'PNIEL', 'Balikpapan', -1.276647, 116.810989),
('22-10-SK', 'M - 22', 'SILOAM', 'Krayan Paser', -1.597741, 116.267753),
('22-12-SS', 'M - 22', 'SION', 'Samuntai Paser', -1.674532, 116.132162),
('22-11-SB', 'M - 22', 'SYALOOM', NULL, -1.259148117, 116.9158052),
('22-13-AA', 'M - 22', 'ALAT ALA NGOSANG', 'Long Gelang - Paser', -1.512832, 116.143141),
('23-06-IS', 'M - 23', 'IMMANUEL', 'Samarinda', -0.500729, 117.140012),
('23-01-AH', 'M - 23', 'ANUGERAH', 'Kutai Kartanegara', -0.825397, 117.248042),
('23-02-ES', 'M - 23', 'EBENHAEZER', 'Samarinda', -0.249473, 115.702925),
('23-03-ET', 'M - 23', 'EFATA', 'Tenggarong', -0.419525, 116.985602),
('23-04-GT', 'M - 23', 'GLORIA', 'Tenggarong', -0.415562, 116.966243),
('23-14-HS', 'M - 23', 'HEBRON', 'Samarinda Seberang', -0.528403, 117.14844),
('23-15-HS', 'M - 23', 'HOSANA', 'Loa Ulung', -0.371464, 116.995516),
('23-07-MS', 'M - 23', 'MARANATHA', 'Sungai Sanga', -0.666553, 117.231112),
('23-13-ML', 'M - 23', 'MARTURIA', 'Loa Janan', -0.610366, 117.088631),
('23-16-PK', 'M - 23', 'PANCARAN KASIH', 'Bengalon', 0.729572, 117.541234),
('23-08-PS', 'M - 23', 'PELITA KASIH', 'Sangatta', 0.506578415, 117.5396677),
('23-09-SJ', 'M - 23', 'SION', 'Jahab Kutai Kertanegara', -0.467995, 116.969013),
('23-12-SG', 'M - 23', 'SOLA GRACIA', 'Marang Kayu', -0.115595, 117.421394),
('23-10-SM', 'M - 23', 'SOLAFIDE', 'Muara Badak', -0.320709, 117.426848),
('23-11-SK', 'M - 23', 'SUMBER KASIH', 'Bontang', 0.11803, 117.477229),
('23-17-TD', 'M - 23', 'TELUK DALAM', 'Tenggarong Seberang', -0.368071668, 117.1128577),
('24-05-MT', 'M - 24', 'MARANATHA', 'Tanjung Selor', 2.836363, 117.36589),
('24-08-AJ', 'M - 24', 'ANUGERAH', 'Tarakan', 3.436799, 117.545403),
('24-09-BT', 'M - 24', 'BETHEL', 'Teras Nawang', 2.879317, 117.340664),
('24-01-BM', 'M - 24', 'BETLEHEM', 'Malinau', 3.536563, 116.614233),
('24-02-EB', 'M - 24', 'EFFATHA', 'Pulau Bunyu', 3.471139, 117.85539),
('24-03-HB', 'M - 24', 'HOSIANA', 'Berau', 2.152108, 117.495647),
('24-04-IT', 'M - 24', 'IMMANUEL', 'Tarakan', 3.311659, 117.594525),
('23-05-IA', 'M - 24', 'IMMANUEL', 'Apau Kayan', 1.791732, 114.901365),
('24-06-SN', 'M - 24', 'SION', 'Nunukan', 4.134391, 117.651601),
('24-07-UP', 'M - 24', 'U''UNG PENGELESAU', 'Pujungan', 2.589072, 115.796062),
('24-08-SI', 'M - 24', 'SION', 'Tembudan', 1.419313703, 118.3574618),
('24-09-FT', 'M - 24', 'FETEPAY', 'Tarakan', 3.363879, 117.541852),
('24-10-SS', 'M - 24', 'SUNGAI SEGAH', 'Tepian Buah', 2.1868875, 117.1105469),
('19-02-IM', 'M - 19', 'IMMANUEL', 'Makassar', -5.133369, 119.40876),
('19-01-BK', 'M - 19', 'BAHTERA KASIH', 'Makassar', -5.174725, 119.448478),
('19-03-BM', 'M - 19', 'BETHANIA', 'Makassar', -5.144598, 119.418645),
('19-04-BR', 'M - 19', 'BETHEL', 'Raha Muna', -4.794558, 122.726892),
('19-05-BZ', 'M - 19', 'BUKIT ZAITUN', 'Makassar', -5.174901, 119.409966),
('19-06-IB', 'M - 19', 'IMMANUEL', 'Baubau', -5.458554, 122.612954),
('19-07-IM', 'M - 19', 'IMMANUEL', 'Majene', -3.541933, 118.974944),
('19-08-IP', 'M - 19', 'IMMANUEL', 'Parepare', -4.010394, 119.622249),
('19-10-IW', 'M - 19', 'IMMANUEL', 'Watampone Bone', -4.539576, 120.326089),
('19-11-KT', 'M - 19', 'KANA TOJENG', 'Sungguminasa Gowa', -5.211449, 119.458043),
('19-12-MM', 'M - 19', 'MANGNGAMASEANG', 'Makassar', -5.145483, 119.468499),
('19-13-PM', 'M - 19', 'PAMMASE', 'Makassar', -5.088924, 119.535097),
('19-14-PB', 'M - 19', 'PELITA', 'Baras Pasangkayu', -1.562899, 119.40121),
('19-15-SB', 'M - 19', 'SINAR KASIH', 'Baras Pasangkayu', -1.488742, 119.40855),
('19-16-SS', 'M - 19', 'SOLA FIDE', 'Sarudu Pasangkayu', -1.679154, 119.340802),
('19-17-SK', 'M - 19', 'SUMBER KASIH', 'Kendari', -3.972963, 122.58705)
ON CONFLICT (id_induk) DO UPDATE SET nama_induk = EXCLUDED.nama_induk, id_mupel = EXCLUDED.id_mupel, keterangan = EXCLUDED.keterangan, latitude = EXCLUDED.latitude, longitude = EXCLUDED.longitude;

-- Seeding m_pendeta
INSERT INTO m_pendeta (id_pendeta, id_induk, nama_lengkap, no_wa, tgl_tugas, keterangan) VALUES
('PDT-19060024', '02-01-BM', 'Pdt. Anita Angelina Lovica Putu Buraen, S.Si-Teol', '+62 878 5513 7387', '2025-11-09', NULL),
('PDT-51107295', '24-06-SN', 'Pdt. Leo Nardo Pardosi, S. Si. Teol', '+62 528 2972 339', '2025-10-19', NULL),
('PDT-21159377', '20-04-EK', 'Pdt. Windy Untajana S.Si (Teol.)', '+62 812 5284 3717', '2025-09-14', NULL),
('PDT-87216948', '05-01-IJ', 'Pdt. Arni Muliyanti Mali, S.Th', '+62 812 3782 4821', '2021-10-25', NULL),
('PDT-43300681', '20-24-PJ', 'Pdt. Ben Bianco Pattinama, S.Si-Teol', '+62 877 3011 6407', '2026-07-27', NULL),
('PDT-86990096', '04-04-BZ', 'Pdt. Nadya Natalia Antoinette Gala, S. Th', '+62 878 5290 2709', '2024-03-25', NULL),
('PDT-70501119', '01-01-AP', 'Pdt. Paulin Maureel Titiheru', '+62 813 2736 2361', '2025-09-14', NULL),
('PDT-32299530', '22-08-MB', 'Pdt anithya Adriana Talakua Saragih', '+62 812 1900 5244', '2024-07-21', NULL),
('PDT-41915346', '23-03-ET', 'Pdt. Otniel Jonatan Panjinegara Adua, S.Si. (Teol.)', '+62 815 4682 6865', '2025-09-28', NULL),
('PDT-82603338', '20-11-SS', 'Pdt. Johnstevance Eldad Winman, S. Si-Teol', '+62 812 2580 6102', '2025-12-24', NULL),
('PDT-37549598', '23-08-PS', 'Pdt. Putra Sang Bayu, S.Fil.', '+62 821 4510 7779', '2025-08-03', NULL),
('PDT-26374165', '03-05-ET', 'Pdt. Josua Natal Walumbu', '+62 851 5522 4632', '2025-10-12', NULL),
('PDT-92486233', '04-10-IP', 'Stephani Gratia Lalenoh S. Si-Teol', '+62 851 5512 3296', '2025-08-03', NULL),
('PDT-37149792', '06-03-IM', 'Dania Ariskah, S.Th', '+62 813 1112 9636', '2025-10-19', NULL),
('PDT-21939323', '04-08-ED', 'Pdt. Ananda Kezia br Sebayang, S.Th', '+62 822 9206 1943', '2024-03-10', 'Tanggal mulai melayani terhitung dari tanggal Tahbisan.'),
('PDT-64020785', '04-08-ED', 'Pdt. Angelly Christisya Kantohe, M.Si', '+62 851 5626 2139', '2024-03-10', NULL),
('PDT-59711512', '22-07-KK', 'Pdt. Reza Hariyoga, S.Si. (Teol.)', '+62 896 3718 3613', '2025-08-31', NULL),
('PDT-87046457', '06-13-MK', 'Pdt. Maretha Kurnia Sari S. Si-Teol', '+62 812 5311 5105', '2024-04-07', NULL),
('PDT-39429573', '06-05-MA', 'Pdt. Iunike Ribka Chrisna Pawestri, S.Si (Teol)', '+62 812 2853 0095', '2025-08-03', NULL),
('PDT-30098900', '20-15-BA', 'Pdt. Adystia Ernel Raintung, S.Fil', '+62 818 0665 5399', '2025-08-10', NULL),
('PDT-66495066', '20-05-IT', 'Rudolfo Jacob Manusiwa S.Si-Teol', '+62 851 7238 1284', '2025-08-03', NULL),
('PDT-77965490', '19-14-PB', 'Meylisa Paulina Boesday, S.Th', '+62 823 4911 1567', '2018-11-04', NULL),
('PDT-57362747', '04-08-ED', 'Pdt. Kevin Eflyano Badilo, S.Si.Teol', '+62 812 9377 3337', '2024-03-10', NULL),
('PDT-29286934', '16-10-PS', 'Pdt. Rifensia Jeriska Soselisa', '+62 821 3115 1101', '2024-04-28', NULL),
('PDT-91423016', '20-08-MI', 'Pdt. Giovanno Adi Nugroho, S.Si-Teol', '+62 851 8666 7371', '2025-07-27', NULL),
('PDT-94436290', '04-08-ED', 'Pdt. Ni Gusti Ketut Melliana Achriyanthi Arnawa, S.Si-Teol', '+62 811 4616 682', '2024-03-10', NULL),
('PDT-19375058', '02-04-IT', 'Pdt. Yehezkiel Marselino Banjarnahor S.Fil', '+62 813 2843 1274', '2024-03-10', NULL),
('PDT-34532604', '24-05-MT', 'Pdt. Trisa Angela Mauriza Sinaulan, S.Th', '+62 812 3943 7667', '2025-10-19', NULL),
('PDT-34880669', '04-06-EP', 'Benoni Benyamin Klokke, S.Si-Teol.', '+62 812 1955 2355', '2024-03-25', NULL),
('PDT-70567471', '19-17-SK', 'Pdt Mauren Astria Tatipatta, S.Th.', '+62 812 3239 4003', NULL, NULL),
('PDT-32051258', '20-12-SK', 'Pdt. Cristin Dwi Ningsih, S.Si-Teol', '+62 822 4157 3150', '2025-08-17', NULL),
('PDT-48212443', '16-14-TS', 'Pdt. Marchely Elvira Sirait -Ruitenbach, S. Si. Teol', '+62 812 3174 0390', '2024-11-03', NULL),
('PDT-56844638', '24-05-MT', 'Nevada Florida Nualedang, Ssi.Teol', '+62 822 3644 4322', '2025-09-10', NULL),
('PDT-97921792', '23-02-ES', 'Marena, S.Th', '+62 813 5221 9404', '2025-07-28', NULL),
('PDT-74312933', '20-02-BM', 'Pdt. Fiola Aura Thahara, S. Si-Teol', '+62 857 8348 9895', '2025-09-14', NULL),
('PDT-26671820', '06-07-PE', 'Pdt. Odi Etman Raidas Mali, S. Th', '+62 823 4566 6332', '2025-09-21', NULL),
('PDT-84971611', '23-02-ES', 'Pdt. Mick Mordekhai Sopacoly, S.Th., M.Si.', '+62 812 4547 6827', '2025-08-24', NULL),
('PDT-84597888', '20-08-MI', 'Alency Geovani Wijaya, S.Th', '+62 822 5446 0487', '2024-03-27', NULL),
('PDT-99170588', '05-01-AJ', 'Pdt Valini Mandaries Rompas, S.Th', '+62 821 3888 4292', '2024-03-25', NULL),
('PDT-92176638', '24-08-SI', 'nuh gustomi gultom, S.Si-Teol', '+62 822 5297 3566', '2024-03-10', NULL),
('PDT-63921098', '20-22-BZ', 'Pdt. Akselofira Khidsal Dukhid, S.Si-Teol', '+62 813 4747 1719', '2024-03-24', NULL),
('PDT-39185836', '21-04-IK', 'Pdt. Rafilius Ariyanto, S.Th', '+62 821 2505 3535', '2024-03-10', NULL),
('PDT-34353889', '21-06-SB', 'Pdt. Corinthiani Perbina Sinulingga, S.Fil', '+62 821 7503 1281', '2025-09-15', NULL),
('PDT-80027321', '22-10-SK', 'Pdt. Mega Amelia', '+62 877 8423 4852', '2025-09-05', NULL),
('PDT-61800733', '20-21-S', 'Pdt. Novita Sarah Wilhelmina Sumampow, S.Fil', '+62 811 4213 234', '2025-09-14', NULL),
('PDT-22062148', '20-21-S', 'Pdt. Clinton Banjarnahor', '+62 852 7339 8648', '2025-09-07', NULL),
('PDT-99011520', '21-06-SB', 'Pdt. Kezia Elza Bawole S.Th', '+62 821 9180 3851', '2025-08-31', NULL),
('PDT-65727337', '20-19-S', 'Nataniel Yeperson Blegur Ssi.Teol', '+62 812 3312 7174', NULL, NULL),
('PDT-97284701', '20-12-SK', 'Pdt. Rani Natalia Br. SItorus S.Si-Teol', '+62 812 8171 6017', '2024-03-24', NULL),
('PDT-50581483', '04-09-GR', 'Pdt. Joshua Hendrikson Siregar, S.Si-Teol', '+62 821 5033 0918', '2024-03-24', 'Sudah menjalani 1 kali mutasi'),
('PDT-17657741', '23-05-IA', 'Pdt. Stiven Kurniadijaya Lahunduitan Macpal, S.Si.Teol.', '+62 813 1598 4997', '2025-09-21', NULL),
('PDT-91784974', '04-09-GR', 'Pdt. Genesya, M.Th.', '+62 812 8465 4402', '2024-03-24', NULL),
('PDT-79598449', '20-11-SS', 'Pdt. Dressta Margareth Aksamine Titihalawa, S.Th.', '+62 821 8705 8276', '2026-08-24', NULL),
('PDT-23285681', '23-08-PS', 'Pdt. Tien Apriani Djolawang, S.Th', '+62 812 4125 3714', '2024-03-10', NULL),
('PDT-71723244', '20-05-IT', 'Pdt. Pit Manghophop Sitompul, S.Si-Teol', '+62 821 4725 2409', '2025-09-14', NULL),
('PDT-32980492', '20-02-BM', 'Pdt. Geofani Febrian Ruindungan', '+62 852 4107 3419', '2024-03-10', 'OK'),
('PDT-75037916', '21-03-IB', 'Kefi Putriani Banunu, S.Th', '+62 822 1468 9773', NULL, NULL),
('PDT-80598199', '06-05-MA', 'Pdt. Roki Yunus, S.Si-Teol', '+62 853 4843 9908', '2024-03-24', NULL),
('PDT-70698942', '20-02-BM', 'Tiffany Hillary Derek, S.Th', '+62 877 3109 9517', '2024-03-10', NULL),
('PDT-73800812', '20-02-BM', 'Pdt. Samuel Roberto Lintang, S.Si-Teol', '+62 813 4909 3706', '2024-03-10', NULL),
('PDT-59135418', '20-16-EA', 'Arfiando Rivaldo Aprilio Mekel, S.Fil', '+62 853 3299 1311', '2025-10-26', NULL),
('PDT-33372790', '20-09-OS', 'Pdt. Richard Christov Lewerissa, S.Th,.', '+62 853 1429 2196', '2024-03-25', NULL),
('PDT-91331801', '23-14-HS', 'Pdt. Chintia Oktavia, S.Fil', '+62 823 5890 0484', '2025-09-28', NULL),
('PDT-61105165', '23-11-SK', 'Pdt. Maca Dina Vira Tarigan, S.Fil', '+62 822 2096 2646', '2024-03-28', NULL),
('PDT-50731837', '20-04-EK', 'Pdt. Aditya Paschal Pantow, S.Si-Teol., M.Si', '+62 895 0902 2722', '2024-04-15', NULL),
('PDT-75744712', '23-03-ET', 'Pdt. Celine Meirella Pesiwarissa, S. Si-Teol.', '+62 812 9860 6603', '2024-03-25', 'Long Mesangat'),
('PDT-63297445', '23-06-IS', 'Mauren Priscilla Agatha Latupeirissa M.Si', '+62 852 4314 3219', '2024-03-10', NULL),
('PDT-98564767', '20-05-IT', 'Pdt. Gladys Marseline Wilhelmina Rompas, S.Si.Teol', '+62 821 3858 8042', '2024-03-10', NULL),
('PDT-43833673', '01-06-MP', 'Devina Fenisia Larungkondo,S.Si. Teol', '+62 812 3126 5062', '2024-03-10', NULL),
('PDT-57348885', '01-06-MP', 'DOROTHEA FEBE WINMAN, M.Si', '+62 853 3659 1365', '2024-03-10', NULL),
('PDT-43759100', '20-05-IT', 'Yemmima Indri Thena Kartika, S. Fil', '+62 853 4691 9069', '2024-03-10', NULL),
('PDT-29777050', '03-07-IB', 'Magiantang Regina Fransiska', '+62 852 4019 4632', '2025-09-21', NULL),
('PDT-11639704', '20-05-IT', 'Lea Christty Barahama S.Si-Teol', '+62 811 9672 21', '2024-03-10', NULL),
('PDT-50703951', '06-12-SP', 'Yapia Amung', '+62 858 1609 3498', '2024-02-25', NULL),
('PDT-41950460', '22-04-EB', 'Pdt. Fransleo Cornelis Melatunan Junior, S.Si Teol', '+62 853 7123 7621', '2025-08-31', NULL),
('PDT-78038857', '24-05-MT', 'Benedictus Patriach Paskah Unpapar S.Fil', '+62 812 2798 2645', '2024-03-25', NULL),
('PDT-27471110', '20-09-OS', 'Pdt. Yosua Asido Parulian Simbolon S. Fil', '+62 855 2630 2060', '2025-10-03', NULL),
('PDT-74857909', '04-14-SK', 'Pendeta rut marchel avellia, S.Si Teol', '+62 857 3299 6160', '2025-09-07', NULL),
('PDT-23910877', '04-07-EF', 'Pdt. Hezron Tangke Salu Pakan, S.Th', '+62 823 1243 3461', '2025-09-21', NULL),
('PDT-42480179', '05-06MJ', 'Pdt. Valerie Estherlita Javelien Sumlang, S.Si (Teol)', '+62 812 9629 4367', '2021-09-26', NULL),
('PDT-64742682', '23-08-PS', 'Pdt. Satius, S.Th', '+62 821 9244 5467', '2024-03-10', NULL),
('PDT-65676161', '05-06MJ', 'Pdt. Antoneta Taneo, S.Th', '+62 822 3899 8983', '2023-03-25', NULL),
('PDT-50821277', '21-04-IK', 'Kefi Putriani Banunu, S.Th', '+62 859 7456 6156', '2025-09-07', NULL),
('PDT-29746330', '05-07-PS', 'Pdt. ENOS ZURIEL HEHAKAJA, S.Si-Teol', '+62 812 2173 2913', '2025-09-07', NULL),
('PDT-63289176', '05-10-EJ', 'Pdt. Aninda Marlya Wangkay, S.Fil.', '+62 813 5522 4903', '2025-11-23', NULL),
('PDT-16929588', '24-01-BM', 'Pdt. Aedelyn Sylvia Yunita Laiskodat S.Si- Teol', '+62 813 5198 6358', '2025-09-05', NULL),
('PDT-57897189', '22-11-SB', 'Melinda Marpaung', '+62 813 1564 0062', '2026-03-01', NULL),
('PDT-45846521', '23-03-ET', 'Pdt. Anthony Richard Pietersz, S.Si-Teol', '+62 821 3702 3090', '2017-10-08', NULL),
('PDT-37298708', '21-02-RP', 'Pendeta Cyntia Nellyta, S. Si. Teol.', '+62 851 6131 1742', '2024-03-10', NULL),
('PDT-41129720', '04-15-SD', 'Ruth Meilan Tupalessy, S.Si.(Teol)', '+62 822 9825 9263', '2025-11-16', NULL),
('PDT-47831495', '24-05-MT', 'Pdt. Claudio Hersa Totonini Gurusinga, S.Si-Teol.', '+62 877 2215 1822', '2024-03-10', NULL),
('PDT-46514951', '02-05-KM', 'Pdt Eunykhe Widiarty Nani, S. Th', '+62 852 4225 0608', '2024-03-27', NULL),
('PDT-10651965', '20-03-BP', 'Pdt. Timotius Verdino, M.Fil.', '+62 821 2311 1243', '2024-03-10', NULL),
('PDT-80271497', '20-22-BZ', 'Pdt. Moshe William Daniel, S. Fil', '+62 813 5828 5734', '2024-03-10', NULL),
('PDT-52587201', '18-04-MD', 'Pendeta Christy Febianty Sinaga - Lekahena', '+62 852 2997 8955', '2021-09-19', NULL),
('PDT-71887759', '23-06-IS', 'Pdt Asina Wahyu Deinnara S.Si Teol', '+62 823 6735 6822', '2024-09-13', 'Pos Pelkes Hosana Separi'),
('PDT-59630925', '20-10-PA', 'Pdt. Gabriella Christianty Titahena', '+62 822 2582 1082', '2024-11-04', NULL),
('PDT-81550253', '20-07-MS', 'Shendy Novaldy Sitania, S. Si-Teol, M.Sc', '+62 811 2642 509', '2024-03-10', NULL),
('PDT-40606621', '20-13-SP', 'LESMA RIANTI SIMANJUNTAK S.Si Teol', '+62 822 6511 8390', '2024-03-10', NULL),
('PDT-47079836', '20-01-AB', 'Pdt. Ade Rindunta', '+62 853 4171 1671', '2024-03-28', NULL),
('PDT-21698587', '07-09-YU', 'Pdt. Ezra Sudarsono, S.Si., M.M.', '+62 813 2807 7006', '2025-03-02', NULL)
ON CONFLICT (id_pendeta) DO UPDATE SET nama_lengkap = EXCLUDED.nama_lengkap, id_induk = EXCLUDED.id_induk, no_wa = EXCLUDED.no_wa, tgl_tugas = EXCLUDED.tgl_tugas, keterangan = EXCLUDED.keterangan;

-- Seeding m_pos_pelkes
INSERT INTO m_pos_pelkes (id_pos, id_induk, nama_pos, latitude, longitude) VALUES
('POS-13055', '02-01-BM', 'Parittiga', -1.667224105, 105.5068368),
('POS-23592', '02-01-BM', 'Cupat', -1.587579125, 105.6097496),
('POS-88231', '24-06-SN', 'Pos pelkes Bethel binusan', NULL, NULL),
('POS-88016', '24-06-SN', 'Pos Pelkes Immanuel Bambangan', NULL, NULL),
('POS-55936', '20-04-EK', 'Alfa & Omega Nanga Tayap', -1.430606, 110.5656006),
('POS-57228', '05-01-IJ', 'Exaudia Muara Bulian', -1.714815094, 103.2989237),
('POS-78047', '20-24-PJ', 'PT. GAN', -0.162066927, 109.7164287),
('POS-94346', '04-04-BZ', 'Kasih Karunia Kandis', NULL, 0.9255837),
('POS-56609', '04-04-BZ', 'Kasih Karunia Libo', NULL, NULL),
('POS-23848', '01-01-AP', 'Pos Pelkes Secanggang', 3.8188134, 98.4869117),
('POS-56943', '22-08-MB', 'Agape babulu', -1.521885129, 116.4146006),
('POS-25763', '22-08-MB', 'Ekklesia penajam', -1.348046604, 116.6706421),
('POS-81917', '23-03-ET', '"Pos Pelkes ""Eben Haezer"" Tripariq Makmur, Long Hubung"', 0.33123323, 115.4870991),
('POS-16368', '20-11-SS', '"Pos Pelkes ""Bukit Moria"" Selesung"', 0.395488, 110.3137081),
('POS-50712', '23-08-PS', 'Bethesda Tonda', 0.940497214, 118.9381182),
('POS-42271', '03-05-ET', 'Pos Pelkes Teluk Kelapa', 0.528137976, 103.2221163),
('POS-34421', '03-05-ET', 'Pos Pelkes Tanjung Medan', 0.529796695, 103.1495483),
('POS-22291', '04-10-IP', 'Efrata', 0.892412638, 100.3565513),
('POS-79937', '04-10-IP', 'Maranatha', 0.792331475, 100.3807185),
('POS-37858', '06-03-IM', 'Paulus Wonosobo', -5.494598, 104.531486),
('POS-54277', '06-03-IM', 'Bethlehem Baturuguk', -5.280159, 104.711941),
('POS-47744', '04-08-ED', 'Pospelkes Immanuel Tj Medang', NULL, NULL),
('POS-81640', '04-08-ED', 'Pospelkes Maranatha Sei Pakning', NULL, NULL),
('POS-54609', '04-08-ED', 'Pospelkes Solafide Selat Panjang', NULL, NULL),
('POS-75205', '22-07-KK', 'Pos Pelkes Semoi Sepaku', -0.909697947, 116.8735995),
('POS-16608', '06-13-MK', 'Bajem Wonobakti', -4.280337, 105.522193),
('POS-56473', '06-05-MA', 'Purwosari', -5.225025089, 105.2560354),
('POS-60853', '06-05-MA', 'Natar', -5.31022635, 105.1909093),
('POS-67801', '20-15-BA', 'Pos Pelkes Alfa-Omega Sarawak-Malaysia', 1.235266229, 110.7905041),
('POS-82867', '20-15-BA', 'Pos Pelkes Bubung Merege Punti Tapau', 0.924231007, 110.3232401),
('POS-24806', '20-15-BA', 'Pos Pelkes Remin Tempak Sontas', 0.952109389, 110.3600843),
('POS-58644', '20-05-IT', 'Efratha Kaliampu', NULL, NULL),
('POS-25545', '20-05-IT', 'Ekklesia Suka Damai', NULL, NULL),
('POS-92535', '20-05-IT', 'Maranatha Natai Panjang', NULL, NULL),
('POS-43938', '19-14-PB', 'Bajem Bukit Zaitun', -2.9925181, 119.4088998),
('POS-94852', '04-08-ED', 'Pos Pelkes Kasih Karunia Bagan Manunggal', NULL, NULL),
('POS-17113', '16-10-PS', 'Pos Pelkes Sambi', -7.478378904, 110.6987085),
('POS-27157', '20-08-MI', 'PosPelkes Air Hidup Setogor', 0.7244078, 110.4730949),
('POS-58999', '20-08-MI', 'PosPelkes Roti Hidup Munyau', 0.794406, 110.4580044),
('POS-78262', '04-08-ED', 'Bajem Sion Sei Rokan', NULL, NULL),
('POS-69672', '02-04-IT', 'Jangkang', -2.920633263, 107.8710786),
('POS-39676', '24-05-MT', 'SUMBER KASIH TANJUNG AGUNG', 2.717675, 117.516141),
('POS-26959', '24-05-MT', 'EFRAT SAJAU', 2.686685, 117.575185),
('POS-55766', '04-06-EP', 'Pos Pelkes Maranatha', -1.5846468, 101.2601448),
('POS-93187', '19-17-SK', 'Beth Eden', -4.0918889, 122.3764797),
('POS-39582', '19-17-SK', 'Zebaoth', -4.0146994, 122.0370314),
('POS-93631', '19-17-SK', 'Bukit Zaitun', -3.7905249, 122.0181375),
('POS-79335', '20-12-SK', 'Pos Pelkes Anugerah Sempuat', 1.1873137, 109.3640059),
('POS-43988', '20-12-SK', 'Pos Pelkes Maranatha Karangan', 1.1972375, 109.351462),
('POS-15217', '16-14-TS', 'Bajem Kembangsari', -7.388630417, 110.5132931),
('POS-58201', '16-14-TS', 'Pos Pel Kalimangli', -7.272795927, 110.5007344),
('POS-29929', '24-05-MT', 'Pos PelKes Lembah Silo Gunung Seriang', 2.80438468, 117.373371),
('POS-85526', '24-05-MT', 'Pos PelKes Tiberias Selimau', 2.855962605, 117.41795),
('POS-70892', '23-02-ES', 'Pos Pelkes Lempake', -0.428136629, 117.1851767),
('POS-17296', '20-02-BM', 'Sola Fide Carik', -2.100578699, 110.6408215),
('POS-92343', '06-07-PE', '"Pos Pelkes ""Kanaan"" Blambangan Umpu"', -4.508695458, 104.4680736),
('POS-33478', '06-07-PE', '"Pos Pelkes ""Emaus"" Gedung Harapan"', -4.411161364, 104.6242246),
('POS-17861', '23-02-ES', '"""KANAAN"" Barong Tongkok"', -0.249473, 115.702925),
('POS-95078', '20-08-MI', 'Kalam Hidup, Entubah', 0.841190362, 110.4069512),
('POS-36023', '05-01-AJ', 'Bajem Getsemani', -1.944346917, 103.0895055),
('POS-71267', '05-01-AJ', 'Bajem Shalom', -2.040032237, 103.0809377),
('POS-32914', '24-08-SI', 'Pos Pelkes Bukit Moria Tabalar', 1.811294, 117.867623),
('POS-65842', '20-22-BZ', 'Bajem Immanuel Lipat Gunting', -2.35652512, 111.0205025),
('POS-58666', '20-22-BZ', 'Pos Pelkes Bukit Moria Kuala Asam', -2.416041505, 111.0302171),
('POS-10631', '20-22-BZ', 'Pos Pelkes Syalom Batu Leman', -2.415859197, 111.0413857),
('POS-41565', '21-04-IK', 'Pospelkes Immanuel sesulung', -2.494065, 116.5131557),
('POS-58102', '21-06-SB', 'Gunung Sinai', -3.178505, 115.977448),
('POS-18578', '22-10-SK', 'Pos Pelkes Immanuel Kayungo Sari', -1.5335791, 116.1912896),
('POS-10552', '20-21-S', 'Pos Pelkes Batu Tinggi Celengan', NULL, NULL),
('POS-50367', '20-21-S', 'Pos Pelkes Kasih Karunia - Riam Kusik', NULL, NULL),
('POS-44209', '20-21-S', 'Pos Pelkese Batu Tinggi, Celengan', NULL, NULL),
('POS-81077', '21-06-SB', 'Aras Tamiang Bakung', -2.829379, 116.200963),
('POS-48853', '20-19-S', 'Pos Pelkes Anugerah Sanggau Ledo', NULL, NULL),
('POS-25425', '20-19-S', 'pos Pelkes Sion Elok Asam', NULL, NULL),
('POS-25377', '20-12-SK', 'POS PELKES BUKIT SION SABUNG', 1.268279, 109.3723564),
('POS-96495', '04-09-GR', 'Agape, Kempas Jaya', -0.531669932, 102.7775881),
('POS-80533', '04-09-GR', 'Pos Pelkes Effata Belilas', -0.509514, 102.423728),
('POS-30445', '04-09-GR', 'Pos Pelkes Pancaran Kasih DK3', -0.72057, 102.222031),
('POS-49169', '04-09-GR', 'Pos Pelkes Sumber Kasih DU', -0.659594, 102.25803),
('POS-42125', '20-11-SS', '"Pos Pelkes ""Bukit Sinai"" Sanjan Emberas"', 0.390051, 110.356034),
('POS-62666', '02-04-IT', 'kembiri', -3.016607495, 107.7706708),
('POS-31031', '23-08-PS', 'Pos Pelkes Maranatha Rantau Pulung', 0.5489064, 117.2510212),
('POS-70716', '20-05-IT', 'Bajem Immanuel Pengancing', -1.863816, 110.579457),
('POS-46102', '20-05-IT', 'Pos Pelkes Tigris Batu Pindah', -1.8766508, 110.5503544),
('POS-63796', '20-02-BM', 'Pelita Iman Batang Belian', -2.2854249, 110.6884074),
('POS-81850', '06-05-MA', 'POS PELKES WAY HANDOP', -5.382347, 104.117505),
('POS-27137', '20-02-BM', 'Anugerah Selimatan Jaya', -2.286359, 110.5884909),
('POS-59077', '20-02-BM', 'Ekklesia Singkup', -2.3378078, 110.6421803),
('POS-64442', '20-16-EA', '"Bajem ""Maranatha"" Batu Keling"', -2.2436487, 110.768532),
('POS-94933', '20-16-EA', '"Pos Pelkes ""Arai Hidup"" Perimping"', -2.2895717, 110.7774682),
('POS-63984', '20-09-OS', 'Pos Pelkes ELIM, Dusun Modah', NULL, NULL),
('POS-35232', '20-09-OS', 'Pos Pelkes Gembala Baik, Dusun Rantau', NULL, NULL),
('POS-31969', '23-14-HS', '"Pos Pelkes ""Bethesda"" Palaran"', -0.587165186, 117.2213548),
('POS-99872', '23-11-SK', 'Pospelkes Immanuel Batu Ampar', 0.118957163, 117.4542966),
('POS-13298', NULL, 'Bajem Maranatha Kombeng', NULL, NULL),
('POS-23122', '20-04-EK', 'Pniel Seponti Jaya', -0.8637386, 109.8338269),
('POS-40296', '23-03-ET', '"""Getsemani"" Long Mesangat"', 0.577711714, 116.7077),
('POS-66516', '23-06-IS', 'Pu''un Udip', -0.288401, 117.1619169),
('POS-78010', '23-06-IS', 'Haleluya', -0.3521406, 117.1044191),
('POS-78468', '20-05-IT', 'Pos Pelkes Bukit Sion Sungai Melayu Rayak', 0.990049272, 118.5470387),
('POS-62648', '01-06-MP', 'Simanduma', 2.815919779, 98.33554589),
('POS-40402', '01-06-MP', 'Tanjung Beringin', 2.761233392, 98.45761681),
('POS-26573', '01-06-MP', 'Gomit', 2.84462265, 98.21574972),
('POS-65205', '01-06-MP', 'Pos Pelkes Tonduhan', 2.805178, 99.1726879),
('POS-88508', '20-05-IT', 'Arai Hidup Sepauhan', NULL, NULL),
('POS-38948', '20-05-IT', 'Tiberias Mahawa', NULL, NULL),
('POS-58314', '03-07-IB', 'Pos Pelkes Nehemia Pulau Kubung', 1.019680411, 104.1446981),
('POS-54069', '20-05-IT', 'Pos Pelkes Soli Deo PT. LAP', NULL, NULL),
('POS-54989', '20-05-IT', 'Pos Pelkes Talitakum Beringin', NULL, NULL),
('POS-59271', '20-05-IT', 'Bajem Anugerah Serengkah', -1.7777771, 110.7027291),
('POS-93613', '06-12-SP', '"""Timotius"" Margorejo"', -4.75117844, 104.8968489),
('POS-24519', '06-12-SP', '"""Baithani"" Papan Rejo"', -4.725061991, 104.9345573),
('POS-32475', '06-12-SP', '"""Imanuel"" Propau"', -4.822590931, 105.001989),
('POS-19929', '22-04-EB', 'Pos Pelkes Pancaran Kasih Muara Kate', -1.673090444, 115.7248183),
('POS-76733', '24-05-MT', '"Pospelkes ""Anugerah"" Sekang"', 2.780568388, 117.3176569),
('POS-42584', '24-05-MT', '"Pospelkes ""Kanaan"" Pejalin"', 2.810593057, 117.3182419),
('POS-91941', '20-09-OS', 'GPIB Pos Pelkes Gideon Sebuduh', 0.489861958, 110.3450123),
('POS-18785', '20-09-OS', 'GPIB Pos Pelkes Penabur Ngoyok', 0.524792189, 110.3727189),
('POS-41348', '04-14-SK', 'Pos Pelkes Pancaran Kasih Naga Mas Estate', NULL, NULL),
('POS-48869', '04-14-SK', 'Pos Pelkes Pancaran Kasih Tapung Makmur', NULL, NULL),
('POS-38720', '04-07-EF', 'Pos Pelkes Maranatha PT. Cerenti Subur', NULL, NULL),
('POS-30508', '04-07-EF', 'Pos Pelkes Bukit Sion PT. KTBM', -0.8125095, 101.6158175),
('POS-13537', '05-06MJ', 'Bajem Agape Mersam', -1.535154949, 102.9042386),
('POS-79471', '23-05-IA', '"Bakal Jemaat ""Maranatha"" Nawang Baru"', 1.785824, 114.899798),
('POS-56819', '23-08-PS', 'Pos Pelkes Siloam Tadoan', 0.990049272, 118.5470387),
('POS-97404', '05-06MJ', '"Pos Pelkes ""Bethesda"" Rantau Rasau"', -1.178816127, 104.1320103),
('POS-83988', '21-04-IK', 'Bethel Lontar', -3.985204591, 116.0825079),
('POS-27108', '21-04-IK', 'Silo Sungai Pinang', -3.468778908, 116.0704982),
('POS-56167', '05-07-PS', 'Pos Pelkes Maranatha Karang Agung Tengah', -2.311331354, 104.4954673),
('POS-81626', '05-10-EJ', 'Bakal Jemaat Sion Merlung', -1.30524199, 102.9815611),
('POS-52165', '24-01-BM', '"GPIB Pos Pelkes ""Sumber Kasih"" Kalampising"', NULL, NULL),
('POS-77457', '22-11-SB', '"Pos Pelkes ""Sejahtera"" Samboja"', -1.015891665, 117.0202587),
('POS-34993', '22-11-SB', '"Pos Pelkes ""Torsina"" Senipah"', -0.970210246, 117.1555725),
('POS-89558', '22-11-SB', '"Pos Pelkes ""Efrata"" Traktor VI"', -1.153802072, 116.9562041),
('POS-89562', '23-03-ET', 'Bajem Maranatha Sebulu', -0.16187742, 116.9578425),
('POS-69232', '21-02-RP', 'Pos Pelkes Sumber Hidup Sebamban', -3.678684462, 115.5659794),
('POS-25738', '04-15-SD', 'Pos Pelkes Air Hidup Seikotuk', 0.679633122, 101.050454),
('POS-70577', '04-15-SD', 'Pos Pelkes Samaria Pelambaian', 0.733188476, 101.0663326),
('POS-94758', '24-05-MT', 'Marturia Sungai Uma', NULL, NULL),
('POS-95716', '24-05-MT', 'Anugerah Penabur Karang Agung', NULL, NULL),
('POS-97007', '02-05-KM', 'Pos Pelkes Maranatha Kelapa Kampit', -2.694797609, 108.0784428),
('POS-51092', '20-03-BP', 'Immanuel Bengkarek', NULL, NULL),
('POS-34433', '20-03-BP', 'Tuah Jubata Sei Pelaik', NULL, NULL),
('POS-57892', '20-03-BP', 'Sahabat Berinang', NULL, NULL),
('POS-39714', '20-22-BZ', 'Pos Pelkes Perdamaian Km12 Bagan Musik Estate', -2.420918, 110.93776),
('POS-88810', '20-22-BZ', 'Pos Pelkes Arai Kehidupan Air Mengaris', -2.486802, 110.881618),
('POS-38840', '18-04-MD', 'Bajem Tabanan', -8.5245255, 115.0906951),
('POS-36849', '23-06-IS', 'Pos Pelkes Hosana Separi', -0.2663696, 117.1166359),
('POS-35736', '23-06-IS', 'Pos Pelkes Bukit Sion Giri Agung', -0.2013188, 117.0643722),
('POS-62914', '20-10-PA', 'Immanuel Mempawah', NULL, NULL),
('POS-67834', '20-07-MS', 'Kharisma Mundun', 0.220911, 110.386946),
('POS-43392', '20-13-SP', 'Tuah Petara Sintang', NULL, NULL),
('POS-19856', '20-13-SP', 'Ekklesia Nanga SIlat', NULL, NULL),
('POS-24342', '20-01-AB', 'Bethel Selabe', NULL, NULL),
('POS-41679', '20-01-AB', 'Alfa & Omega Ilai Pejugan', NULL, NULL),
('POS-34686', '07-09-YU', 'Bajem SILOAM Binong', NULL, NULL)
ON CONFLICT (id_pos) DO UPDATE SET nama_pos = EXCLUDED.nama_pos, id_induk = EXCLUDED.id_induk, latitude = EXCLUDED.latitude, longitude = EXCLUDED.longitude;

-- Seeding users
INSERT INTO users (id, no_telepon, email, password_hash, id_pendeta, role, status) VALUES
(gen_random_uuid(), '+628176588277', 'admin@gpib.org', 'admin123', NULL, 'Admin', 'Aktif'),
(gen_random_uuid(), '+62 8111550543', 'stolaputih@gmail.com', 'sayur321', NULL, 'Super User', 'Aktif'),
(gen_random_uuid(), '+62 878 5513 7387', 'Lovicaburaen@gmail.com', 'Shitdamn24', 'PDT-19060024', 'User', 'Aktif'),
(gen_random_uuid(), '+62 528 2972 339', 'leonardo01091999@gmail.com', 'salatiga18', 'PDT-51107295', 'User', 'Aktif'),
(gen_random_uuid(), '+62 812 5284 3717', 'windykrstn@gmail.com', 'Kristiana17', 'PDT-21159377', 'User', 'Aktif'),
(gen_random_uuid(), '+62 812 3782 4821', 'arnimali918@gmail.com', 'Arni210894', 'PDT-87216948', 'User', 'Aktif'),
(gen_random_uuid(), '+62 877 3011 6407', 'benbianco08@gmail.com', 'Americano08', 'PDT-43300681', 'User', 'Aktif'),
(gen_random_uuid(), '+62 878 5290 2709', 'nadyanatalia.ag@gmail.com', 'Nagala12345', 'PDT-86990096', 'User', 'Aktif'),
(gen_random_uuid(), '+62 813 2736 2361', 'paulinmaureeltitiheru@gmail.com', 'Paulin14', 'PDT-70501119', 'User', 'Aktif'),
(gen_random_uuid(), '+62 812 1900 5244', 'thyaadriana@gmail.com', 'Adriana7', 'PDT-32299530', 'User', 'Aktif'),
(gen_random_uuid(), '+62 815 4682 6865', 'otnieljonatanpanji@gmail.com', 'Elsjo123', 'PDT-41915346', 'User', 'Aktif'),
(gen_random_uuid(), '+62 812 2580 6102', 'stevanjohnn70@gmail.com', 'Winman001', 'PDT-82603338', 'User', 'Aktif'),
(gen_random_uuid(), '+62 821 4510 7779', 'Putrasangbayu98@gmail.com', 'PUTRAsb98', 'PDT-37549598', 'User', 'Aktif'),
(gen_random_uuid(), '+62 851 5522 4632', 'yosuawalumbu@gmail.com', '25121994', 'PDT-26374165', 'User', 'Aktif'),
(gen_random_uuid(), '+62 851 5512 3296', 'stephanilalenoh6@gmail.com', '29092014', 'PDT-92486233', 'User', 'Aktif'),
(gen_random_uuid(), '+62 813 1112 9636', 'ariskadania1@gmail.com', '13080318', 'PDT-37149792', 'User', 'Aktif'),
(gen_random_uuid(), '+62 822 9206 1943', 'nandakezia9b@gmail.com', 'Nanda267', 'PDT-21939323', 'User', 'Aktif'),
(gen_random_uuid(), '+62 851 5626 2139', 'angellychristisya@gmail.com', 'Helloelly96', 'PDT-64020785', 'User', 'Aktif'),
(gen_random_uuid(), '+62 896 3718 3613', 'hariyogareza19@gmail.com', '.,Chill99', 'PDT-59711512', 'User', 'Aktif'),
(gen_random_uuid(), '+62 812 5311 5105', 'marethakurnia.20@gmail.com', 'maretha2003', 'PDT-87046457', 'User', 'Aktif'),
(gen_random_uuid(), '+62 812 2853 0095', 'iunikeribka25@gmail.com', 'Ceniil24', 'PDT-39429573', 'User', 'Aktif'),
(gen_random_uuid(), '+62 818 0665 5399', 'adystiaernel@gmail.com', 'ernel157', 'PDT-30098900', 'User', 'Aktif'),
(gen_random_uuid(), '+62 851 7238 1284', 'rudolfomanusiwa@gmail.com', 'Pongbuster8', 'PDT-66495066', 'User', 'Aktif'),
(gen_random_uuid(), '+62 823 4911 1567', 'paulinameylisa@gmail.com', 'Andr3li5', 'PDT-77965490', 'User', 'Aktif'),
(gen_random_uuid(), '+62 812 9377 3337', 'kevineflyanobadilo@gmail.com', '11Agustus', 'PDT-57362747', 'User', 'Aktif'),
(gen_random_uuid(), '+62 821 3115 1101', 'rifensiajs@gmail.com', '712007', 'PDT-29286934', 'User', 'Aktif'),
(gen_random_uuid(), '+62 851 8666 7371', 'giovannonugroho02@gmail.com', '017gio', 'PDT-91423016', 'User', 'Aktif'),
(gen_random_uuid(), '+62 811 4616 682', 'arnawamelliana@gmail.com', 'Icebear03', 'PDT-94436290', 'User', 'Aktif'),
(gen_random_uuid(), '+62 813 2843 1274', 'yehezkielmb@gmail.com', 'yehezkielmb1698', 'PDT-19375058', 'User', 'Aktif'),
(gen_random_uuid(), '+62 812 3943 7667', 'trisaamauriza@gmail.com', 'tams221724', 'PDT-34532604', 'User', 'Aktif'),
(gen_random_uuid(), '+62 812 1955 2355', 'benb.klokke@gmail.com', 'sepuluh0324', 'PDT-34880669', 'User', 'Aktif'),
(gen_random_uuid(), '+62 812 3239 4003', 'tatipattamauren@gmail.com', 'Tatipatta', 'PDT-70567471', 'User', 'Aktif'),
(gen_random_uuid(), '+62 822 4157 3150', 'cristindwiningsih09@gmail.com', '90899', 'PDT-32051258', 'User', 'Aktif'),
(gen_random_uuid(), '+62 812 3174 0390', 'chely_olenz@yahoo.com', '250788', 'PDT-48212443', 'User', 'Aktif'),
(gen_random_uuid(), '+62 822 3644 4322', 'nevadafloridanua@gamil.com', 'Londo11', 'PDT-56844638', 'User', 'Aktif'),
(gen_random_uuid(), '+62 813 5221 9404', 'reaskd431@gmai.com', '123456', 'PDT-97921792', 'User', 'Aktif'),
(gen_random_uuid(), '+62 857 8348 9895', 'tara.fiola@gmail.com', '282899', 'PDT-74312933', 'User', 'Aktif'),
(gen_random_uuid(), '+62 823 4566 6332', 'odiedman@gmail.com', 'Mali100607', 'PDT-26671820', 'User', 'Aktif'),
(gen_random_uuid(), '+62 812 4547 6827', 'morsopacoly96@gmail.com', 'ManadoAmbon1212', 'PDT-84971611', 'User', 'Aktif'),
(gen_random_uuid(), '+62 822 5446 0487', 'alencygeovani@gmail.com', '049ALLG', 'PDT-84597888', 'User', 'Aktif'),
(gen_random_uuid(), '+62 821 3888 4292', 'valinii.rompas@gmail.com', 'Ferdinandus95', 'PDT-99170588', 'User', 'Aktif'),
(gen_random_uuid(), '+62 822 5297 3566', 'gustominoahg@gmail.com', 'posPelkesku', 'PDT-92176638', 'User', 'Aktif'),
(gen_random_uuid(), '+62 813 4747 1719', 'akhidsal@gmail.com', 'BalikpapaN23', 'PDT-63921098', 'User', 'Aktif'),
(gen_random_uuid(), '+62 821 2505 3535', 'ariesawen17@gmail.com', 'Viskara22', 'PDT-39185836', 'User', 'Aktif'),
(gen_random_uuid(), '+62 821 7503 1281', 'linggacthiani@gmail.com', 'RiNthiani136', 'PDT-34353889', 'User', 'Aktif'),
(gen_random_uuid(), '+62 877 8423 4852', 'Megaameliap@gmail.com', 'Ceger@1412', 'PDT-80027321', 'User', 'Aktif'),
(gen_random_uuid(), '+62 811 4213 234', 'novitasarahws@gmail.com', 'Jackhammer17', 'PDT-61800733', 'User', 'Aktif'),
(gen_random_uuid(), '+62 852 7339 8648', 'billclintonmb@gmail.com', 'theotechno12', 'PDT-22062148', 'User', 'Aktif'),
(gen_random_uuid(), '+62 821 9180 3851', 'keziaelzaaa11@gmail.com', 'Central23', 'PDT-99011520', 'User', 'Aktif'),
(gen_random_uuid(), '+62 812 3312 7174', 'yepersonnatan@gmail.com', 'nataniel30051991', 'PDT-65727337', 'User', 'Aktif'),
(gen_random_uuid(), '+62 812 8171 6017', 'rani.sitorus0312@gmail.com', 'Tembilahan12', 'PDT-97284701', 'User', 'Aktif'),
(gen_random_uuid(), '+62 821 5033 0918', 'joshuasiregar18@gmail.com', '5122015', 'PDT-50581483', 'User', 'Aktif'),
(gen_random_uuid(), '+62 813 1598 4997', 'bajemmaranathanb@gmail.com', 'bajemmaranathaNB12', 'PDT-17657741', 'User', 'Aktif'),
(gen_random_uuid(), '+62 812 8465 4402', 'genesyaa@gmail.com', 'GPIBGene10', 'PDT-91784974', 'User', 'Aktif'),
(gen_random_uuid(), '+62 821 8705 8276', 'dresstaaa@gmail.com', 'Sejater4', 'PDT-79598449', 'User', 'Aktif'),
(gen_random_uuid(), '+62 812 4125 3714', 'tiendjolawang@gmail.com', 'tien1996', 'PDT-23285681', 'User', 'Aktif'),
(gen_random_uuid(), '+62 821 4725 2409', 'supirderman@gmail.com', 'ganteng2021', 'PDT-71723244', 'User', 'Aktif'),
(gen_random_uuid(), '+62 852 4107 3419', 'geofanifebrianruindungan@gmail.com', 'GPIB2024', 'PDT-32980492', 'User', 'Aktif'),
(gen_random_uuid(), '+62 822 1468 9773', 'keffiputriani17@gmail.com', 'Bahtera2017', 'PDT-75037916', 'User', 'Aktif'),
(gen_random_uuid(), '+62 853 4843 9908', 'rokiyunus99@gmail.com', 'Rockyy1212', 'PDT-80598199', 'User', 'Aktif'),
(gen_random_uuid(), '+62 877 3109 9517', 'hillarytiff10@gmail.com', 'Tiff1007', 'PDT-70698942', 'User', 'Aktif'),
(gen_random_uuid(), '+62 813 4909 3706', 'samy.lintang21@gmail.com', 'feronika18', 'PDT-73800812', 'User', 'Aktif'),
(gen_random_uuid(), '+62 853 3299 1311', 'arfiando.mekel@gmail.com', 'Rivaldo10041998', 'PDT-59135418', 'User', 'Aktif'),
(gen_random_uuid(), '+62 853 1429 2196', 'rchristov86@gmail.com', 'Lewerissa18', 'PDT-33372790', 'User', 'Aktif'),
(gen_random_uuid(), '+62 823 5890 0484', 'chintiaoktavia18@gmail.com', 'Mikeljelek', 'PDT-91331801', 'User', 'Aktif'),
(gen_random_uuid(), '+62 822 2096 2646', 'macadinaviratarigan@gmail.com', '200898Maca', 'PDT-61105165', 'User', 'Aktif'),
(gen_random_uuid(), '+62 895 0902 2722', 'adityapascal1998@gmail.com', 'aditya13', 'PDT-50731837', 'User', 'Aktif'),
(gen_random_uuid(), '+62 812 9860 6603', 'celinestufyevvan@gmail.com', '@Gioneo1405', 'PDT-75744712', 'User', 'Aktif'),
(gen_random_uuid(), '+62 852 4314 3219', 'maurenlatupeirissa946@gmail.com', 'mauren1905', 'PDT-63297445', 'User', 'Aktif'),
(gen_random_uuid(), '+62 821 3858 8042', 'marselseline@gmail.com', 'Gladys13081996', 'PDT-98564767', 'User', 'Aktif'),
(gen_random_uuid(), '+62 812 3126 5062', 'devinafenisia@gmail.com', 'Devina21031998', 'PDT-43833673', 'User', 'Aktif'),
(gen_random_uuid(), '+62 853 3659 1365', 'theafwnm@gmail.com', 'Jutehak14', 'PDT-57348885', 'User', 'Aktif'),
(gen_random_uuid(), '+62 853 4691 9069', 'thenayemmima@gmail.com', 'yetsumi19', 'PDT-43759100', 'User', 'Aktif'),
(gen_random_uuid(), '+62 852 4019 4632', 'reginamagiantang@gmail.com', 'RE230219', 'PDT-29777050', 'User', 'Aktif'),
(gen_random_uuid(), '+62 811 9672 21', 'lea.christtyb@gmail.com', 'Mermaidmels1296', 'PDT-11639704', 'User', 'Aktif'),
(gen_random_uuid(), '+62 858 1609 3498', 'amungyapia@gmail.com', 'niwanimang', 'PDT-50703951', 'User', 'Aktif'),
(gen_random_uuid(), '+62 859 1068 11190', 'dep.pelkes@gmail.com', 'tengok-tengok', NULL, 'Admin', 'Aktif'),
(gen_random_uuid(), '+62 853 7123 7621', 'juniormelatunan0202@gmail.com', 'jr0503', 'PDT-41950460', 'User', 'Aktif'),
(gen_random_uuid(), '+62 812 2798 2645', 'unpaparbenedictus@gmail.com', 'benedictus1999', 'PDT-78038857', 'User', 'Aktif'),
(gen_random_uuid(), '+62 855 2630 2060', 'yosua.asido@gmail.com', 'Rechall195', 'PDT-27471110', 'User', 'Aktif'),
(gen_random_uuid(), '+62 857 3299 6160', 'rutmarchel@gmail.com', 'Password01!', 'PDT-74857909', 'User', 'Aktif'),
(gen_random_uuid(), '+62 823 1243 3461', 'ezron.pakan@gmail.com', '13061996', 'PDT-23910877', 'User', 'Aktif'),
(gen_random_uuid(), '+62 812 9629 4367', 'vejavelien@gmail.com', 'Jangan14', 'PDT-42480179', 'User', 'Aktif'),
(gen_random_uuid(), '+62 821 9244 5467', 'satiusserangkang@gmail.com', 'Satius97', 'PDT-64742682', 'User', 'Aktif'),
(gen_random_uuid(), '+62 822 3899 8983', 'antonetataneo170594@gmail.com', '170594', 'PDT-65676161', 'User', 'Aktif'),
(gen_random_uuid(), '+62 812 2173 2913', 'enoszuriel@gmail.com', 'Xovermb06badrol', 'PDT-29746330', 'User', 'Aktif'),
(gen_random_uuid(), '+62 813 5522 4903', 'anindamw28@gmail.com', 'Balikpapan28', 'PDT-63289176', 'User', 'Aktif'),
(gen_random_uuid(), '+62 813 5198 6358', 'alinsylvia26@gmail.com', 'Asy26061998', 'PDT-16929588', 'User', 'Aktif'),
(gen_random_uuid(), '+62 813 1564 0062', 'marpaungmelinda@gmail.com', '1liveforJesus', 'PDT-57897189', 'User', 'Aktif'),
(gen_random_uuid(), '+62 821 3702 3090', 'anton047_july13@yahoo.co.id', 'Pietersz90', 'PDT-45846521', 'User', 'Aktif'),
(gen_random_uuid(), '+62 851 6131 1742', 'cyntiaann48@gmail.com', '1210alyssA', 'PDT-37298708', 'User', 'Aktif'),
(gen_random_uuid(), '+62 822 9825 9263', 'arumanuella@gmail.com', 'arumanuella', 'PDT-41129720', 'User', 'Aktif'),
(gen_random_uuid(), '+62 877 2215 1822', 'gurusingaclaudio@gmail.com', 'diololla0117', 'PDT-47831495', 'User', 'Aktif'),
(gen_random_uuid(), '+62 852 4225 0608', 'eunykhewidiartynani24@gmail.com', 'Eunykhewidiartynani12', 'PDT-46514951', 'User', 'Aktif'),
(gen_random_uuid(), '+62 821 2311 1243', 'verdinotimotius@gmail.com', 'greenblue', 'PDT-10651965', 'User', 'Aktif'),
(gen_random_uuid(), '+62 813 5828 5734', 'mwd.151298@gmail.com', '32Februari', 'PDT-80271497', 'User', 'Aktif'),
(gen_random_uuid(), '+62 852 2997 8955', 'cfebianty@gmail.com', 'L3kahena', 'PDT-52587201', 'User', 'Aktif'),
(gen_random_uuid(), '+62 823 6735 6822', 'naya.justins@gmail.com', 'YohannesSagala', 'PDT-71887759', 'User', 'Aktif'),
(gen_random_uuid(), '+62 822 2582 1082', 'gabriellatitahena@gmail.com', 'mynameisgabriella', 'PDT-59630925', 'User', 'Aktif'),
(gen_random_uuid(), '+62 811 2642 509', 'shendy.sitania@gmail.com', 'Shendyno', 'PDT-81550253', 'User', 'Aktif'),
(gen_random_uuid(), '+62 822 6511 8390', 'lesmasimanjuntak@gmail.com', '221304', 'PDT-40606621', 'User', 'Aktif'),
(gen_random_uuid(), '+62 853 4171 1671', 'aderindunta18@gmail.com', 'eaten181123', 'PDT-47079836', 'User', 'Aktif'),
(gen_random_uuid(), '+62 813 2807 7006', 'ezrasudarsono@gmail.com', '2031977', 'PDT-21698587', 'User', 'Aktif'),
(gen_random_uuid(), '+628123735537', 'pelkes@gpib.org', 'pelkes123', NULL, 'Admin', 'Aktif')
ON CONFLICT (email) DO UPDATE SET no_telepon = EXCLUDED.no_telepon, password_hash = EXCLUDED.password_hash, id_pendeta = EXCLUDED.id_pendeta, role = EXCLUDED.role, status = EXCLUDED.status;
